course_id,semester,review_date,workload_hrs,difficulty,overall,verified_gt
CS-6200,SPRING 2026,2026-06-26,20,4,5,False
CS-6200,SPRING 2026,2026-05-14,20,4,5,False
CS-6200,FALL 2023,2024-06-07,17,4,5,True
CS-6200,SPRING 2024,2024-05-28,35,4,5,True
CS-6200,FALL 2023,2023-12-17,20,4,5,False
CS-6200,SPRING 2023,2023-08-07,8,3,4,True
CS-6200,FALL 2022,2023-01-11,17,5,5,False
CS-6200,FALL 2022,2022-12-22,20,5,4,False
CS-6200,FALL 2022,2022-12-14,20,3,4,True
CS-6200,SUMMER 2022,2022-09-09,24,4,3,True
CS-6200,SUMMER 2022,2022-08-22,10,3,5,True
CS-6200,SPRING 2022,2022-05-09,8,3,1,False
CS-6200,SPRING 2022,2022-05-06,15,4,3,False
CS-6200,SPRING 2022,2022-04-30,20,3,2,False
CS-6200,SPRING 2022,2022-04-22,20,4,4,False
